City,Lat,Lng,Max Temp,Humidity,Cloudiness,Wind Speed,Country,Date
atuona,-9.8,-139.03,79.2,78,15,19.73,PF,1598746346
talnakh,69.49,88.4,44.6,100,90,4.47,RU,1598746346
white rock,35.25,-91.73,75.99,94,1,9.62,US,1598746222
puerto quijarro,36.59,-6.23,68,45,8,4.7,ES,1598746346
port alfred,-7.03,29.76,75.07,52,0,5.61,CD,1598746163
vaini,-21.2,-175.2,80.6,74,20,10.29,TO,1598746347
north bend,50.33,3.67,55.99,93,42,5.82,FR,1598746166
albany,42.6,-73.97,73,89,54,1.01,US,1598746153
ponta do sol,38.73,-28.27,70.9,100,100,8.23,PT,1598746348
salalah,17.02,54.09,77,94,90,1.12,OM,1598746349
hermanus,-34.42,19.23,42.01,93,74,3,ZA,1598746349
punta arenas,8.99,125.34,83.19,69,100,2.17,PH,1598746349
geraldton,-28.77,114.6,46.4,81,0,6.93,AU,1598746349
cockburn town,-32.08,141,66.2,25,85,13.87,AU,1598746350
wanaka,-44.7,169.15,53.92,62,53,10.6,NZ,1598746116
tiksi,71.69,128.87,44.76,79,0,8.16,RU,1598746350
san bartolome de tirajana,13.3,-4.9,76.57,87,100,4.65,ML,1598746179
severo-kurilsk,50.68,156.12,50.2,88,94,10.29,RU,1598746350
west bay,31.8,-97.09,102.2,27,20,11.41,US,1598746351
mount gambier,53.66,-1.85,48,87,12,1.99,GB,1598746351
ilulissat,69.22,-51.1,44.6,84,100,8.05,GL,1598746351
watertown,42.37,-71.18,75.99,83,75,10.29,US,1598746351
new norfolk,6.65,-10.59,72.93,95,100,3.71,LR,1598746352
katsuura,35.13,140.3,87.01,71,8,5.01,JP,1598746352
fort nelson,52.65,6.39,57,90,0,1.01,NL,1598746346
hithadhoo,-0.6,73.08,82.76,72,84,9.42,MV,1598746352
ushuaia,-54.8,-68.3,33.8,94,90,14.99,AR,1598746213
behshahr,36.69,53.55,71.6,88,2,2.24,IR,1598746353
hofn,64.25,-15.21,50.04,76,98,2.3,IS,1598746353
mataura,-46.19,168.86,56.19,60,99,10.54,NZ,1598746313
westport,41.14,-73.36,77,83,75,9.17,US,1598746264
lac du bonnet,41.64,19.71,66.2,77,0,1.12,AL,1598746354
anchorage,61.22,-149.9,64.4,42,20,6.26,US,1598746144
bredasdorp,-34.53,20.04,42.8,87,77,10.29,ZA,1598746354
rikitea,-23.12,-134.97,70.43,69,38,7.4,PF,1598746354
saint-philippe,-21.36,55.77,69.8,73,38,9.17,RE,1598746355
upernavik,72.79,-56.15,40.06,73,0,4.92,GL,1598746355
muramatsu,37.68,139.18,89.01,79,75,6.93,JP,1598746355
bethel,41.37,-73.41,75.99,94,61,5.73,US,1598746355
puerto ayora,36.59,-6.23,68,45,8,4.7,ES,1598746346
surt,31.21,16.59,77.52,79,0,12.66,LY,1598746356
maniitsoq,65.42,-52.9,49.62,76,96,8.68,GL,1598746356
victoria,22.29,114.16,86,70,1,3.24,HK,1598746207
lata,40.16,-8.33,62.01,83,0,10,PT,1598746356
petatlan,17.52,-101.27,80.6,83,90,5.82,MX,1598746357
fort smith,52.65,6.39,57,90,0,1.01,NL,1598746352
hammerfest,70.66,23.68,42.8,93,52,11.41,NO,1598746357
muros,42.78,-9.06,55.99,87,0,9.37,ES,1598746357
fukagawa,43.71,142.04,53.6,81,75,2.24,JP,1598746357
pringsewu,-5.36,104.97,74.32,86,73,1.41,ID,1598746358
saint-pierre,-21.34,55.48,69.8,73,23,9.17,RE,1598746358
leningradskiy,69.38,178.42,37.51,85,100,10.71,RU,1598746358
dikson,73.51,80.55,42.12,95,100,21.43,RU,1598746358
georgetown,5.41,100.34,78.8,94,20,1.12,MY,1598746206
bubaque,11.28,-15.83,78.84,82,100,13.69,GW,1598746359
barrow,71.29,-156.79,37.4,86,90,18.34,US,1598746086
ginda,30.69,78.49,61.61,82,32,1.88,IN,1598746359
saskylakh,71.92,114.08,55.47,52,100,4.16,RU,1598746359
aqtobe,50.28,57.21,66.2,34,93,2.24,KZ,1598746360
atambua,-9.11,124.89,77.22,48,56,4.79,ID,1598746360
hualmay,-11.1,-77.61,61.14,84,25,10.8,PE,1598746360
touros,-5.2,-35.46,77,83,40,5.82,BR,1598746361
faanui,-16.48,-151.75,77.9,77,46,23.91,PF,1598746361
vardo,70.37,31.11,51.01,77,70,13.6,NO,1598746361
hobart,-42.88,147.33,64.99,39,75,14.99,AU,1598746342
biak,-0.91,122.88,78.26,75,100,10.07,ID,1598746362
half moon bay,6.38,-10.7,75,90,100,8.5,LR,1598746362
mehamn,71.04,27.85,49.5,78,75,12.1,NO,1598746362
chuy,-33.7,-53.46,53.53,82,96,14.14,UY,1598746362
sao joao da barra,20.51,76.21,69.42,96,100,9.28,IN,1598746078
pevek,69.7,170.31,39.4,80,100,4.34,RU,1598746363
kapaa,22.08,-159.32,84,74,40,11.41,US,1598746265
nador,35.17,-2.93,78.8,26,13,6.93,MA,1598746363
novosheshminsk,55.07,51.23,58.15,91,16,5.84,RU,1598746363
hilo,19.73,-155.09,86,55,20,11.41,US,1598745729
puerto escondido,36.59,-6.23,68,45,8,4.7,ES,1598746364
esperance,-33.87,121.9,48.2,100,90,3.36,AU,1598746364
baracoa,20.35,-74.5,80.53,82,11,5.28,CU,1598746364
busselton,-33.65,115.33,39,98,91,7.7,AU,1598746364
dhali,10.5,77.17,74.07,72,82,5.77,IN,1598746365
harboore,56.62,8.18,55.99,78,25,9.98,DK,1598746365
east london,65,-15,48.2,76,75,9.17,IS,1598746365
dingle,11,122.67,81.16,82,100,5.99,PH,1598746365
sisimiut,66.94,-53.67,47.89,85,100,1.45,GL,1598746366
benghazi,32.12,20.07,79.25,60,0,12.73,LY,1598746366
bluff,-46.6,168.33,53.74,74,88,32.59,NZ,1598746366
high level,33.61,-95.75,97,50,7,8.34,US,1598746366
faya,18.39,42.45,69.8,63,14,2.44,SA,1598746367
mys shmidta,62.06,48.62,52,91,99,2.8,RU,1598746367
inyonga,-6.72,32.07,62.22,33,1,4.27,TZ,1598746367
salinopolis,-0.61,-47.36,80.22,80,7,14.9,BR,1598746367
cabo san lucas,-8.28,-35.03,78.8,78,40,12.75,BR,1598746367
talara,-4.58,-81.27,61.99,89,5,16.71,PE,1598746368
letka,59.6,49.42,53.35,96,43,2.55,RU,1598746368
japura,-0.32,102.35,75.31,86,74,2.1,ID,1598746368
maryville,35.76,-83.97,82.4,69,75,11.41,US,1598746368
laguna,38.42,-121.42,91.4,25,1,9.17,US,1598746369
zabaykalsk,49.63,117.32,54.39,91,100,2.01,RU,1598746369
guerrero negro,17.67,-100,73.47,78,84,2.37,MX,1598746369
abu samrah,24.6,72.7,68.32,100,100,3.69,IN,1598746369
arraial do cabo,-22.84,-46.65,78.8,36,0,3.36,BR,1598746370
shaghat,39.56,45.91,73.4,49,20,16.11,AM,1598746370
ilhabela,-23.78,-45.36,71.65,74,1,4.34,BR,1598746178
tasiilaq,65.61,-37.64,44.6,65,100,12.75,GL,1598746370
doba,8.65,16.85,68.95,98,97,2.8,TD,1598746370
zyryanka,65.75,150.85,50.92,56,0,2.13,RU,1598746371
sinnamary,5.38,-52.95,79.56,85,100,11.81,GF,1598746371
sur,22.57,59.53,83.5,66,38,6.46,OM,1598746371
ahipara,-35.17,173.17,61.68,59,0,4.14,NZ,1598746371
nikolskoye,59.7,30.79,55.4,93,75,8.95,RU,1598746372
bathsheba,13.22,-59.52,80.6,83,40,14.99,BB,1598746372
charters towers,38.57,-83.43,77,69,75,4.7,US,1598746372
yabelo,4.88,38.08,60.93,73,93,9.51,ET,1598746372
yellowknife,62.46,-114.35,48,93,90,20.8,CA,1598746196
klaksvik,62.23,-6.59,42.8,93,89,3.44,FO,1598746373
cape town,-36.41,-71.9,46.4,61,3,10.29,CL,1598746373
chokurdakh,70.63,147.92,41.94,83,100,4.32,RU,1598746373
anloga,5.79,0.9,77,88,20,9.17,GH,1598746373
pilar,-9.6,-35.96,73.4,88,40,5.82,BR,1598746374
camaqua,-30.85,-51.81,67.37,96,42,8.93,BR,1598746374
lagoa,39.05,-27.98,73.96,95,100,5.66,PT,1598746374
alofi,-19.06,-169.92,80.6,69,32,18.34,NU,1598746374
kruisfontein,-34,24.73,46,75,61,3,ZA,1598746375
kieta,-6.22,155.63,86.23,65,2,7.47,PG,1598746375
chifeng,42.27,118.96,70.88,78,90,2.75,CN,1598746375
khatanga,71.97,102.5,51.66,68,89,10.36,RU,1598746375
fortuna,40.6,-124.16,66,77,1,13.87,US,1598746375
heihe,50.24,127.49,55.4,93,40,4.47,CN,1598746376
kodiak,57.79,-152.41,53.6,93,90,24.16,US,1598746376
vao,-22.67,167.48,66.81,62,70,16.24,NC,1598746376
tuktoyaktuk,69.45,-133.04,46.4,75,40,12.75,CA,1598746376
castro,-24.79,-50.01,61.23,81,0,4.36,BR,1598746377
mount isa,53.66,-1.85,48,87,12,1.99,GB,1598746377
yuryevets,57.32,43.1,52.47,91,37,8.52,RU,1598746377
cayenne,4.93,-52.33,78.8,94,91,2.24,GF,1598746377
lompoc,34.64,-120.46,69.01,64,1,12.75,US,1598746378
kedrovyy,56.17,91.82,48.2,93,97,2.24,RU,1598746325
asosa,10.07,34.53,60.58,96,100,2.71,ET,1598746378
roma,43.21,-75.46,68,77,75,12.75,US,1598746378
cidreira,-30.18,-50.21,66.38,84,42,5.3,BR,1598746378
grand gaube,38.88,-109.5,91.4,15,1,17.22,US,1598746379
reidsville,36.35,-79.66,82.99,61,1,5.82,US,1598746080
nisia floresta,39.39,21.64,59,67,0,1.92,GR,1598746379
sibut,5.72,19.07,71.44,92,100,2.66,CF,1598746379
avarua,-21.21,-159.78,78.8,74,15,16.11,CK,1598746380
wajima,37.4,136.9,82.4,88,20,6.93,JP,1598746380
puerto baquerizo moreno,36.59,-6.23,68,45,8,4.7,ES,1598746346
carnarvon,-24.87,113.63,53.6,66,0,10.29,AU,1598746380
kavieng,-2.57,150.8,84.67,71,36,12.48,PG,1598746380
orlik,52.52,99.83,46.26,84,100,5.37,RU,1598746381
dalby,-27.18,151.27,60.8,72,75,11.41,AU,1598746381
bukama,-9.2,25.85,75.25,56,8,1.32,CD,1598746381
jamestown,42.1,-79.24,66,72,75,17.22,US,1598746276
korla,41.76,86.15,71.01,66,0,3,CN,1598746381
avera,33.19,-82.53,84.2,83,1,4.7,US,1598746382
lebu,-37.62,-73.65,45.63,72,1,14.99,CL,1598746382
marsa matruh,35.88,14.5,80.6,83,40,9.17,MT,1598746382
mahebourg,-20.41,57.7,69.8,77,40,16.11,MU,1598746383
vitim,59.45,112.56,58.95,84,94,2.77,RU,1598746383
thompson,55.74,-97.86,60.8,63,75,2.24,CA,1598746148
goalpara,26.17,90.62,78.35,87,73,0.83,IN,1598746383
flin flon,48.5,6.66,57.2,82,79,1.12,FR,1598746383
elizabeth city,40.66,-74.21,80.6,74,40,3.36,US,1598746325
northam,51.03,-4.22,55,79,3,5.99,GB,1598746384
parrita,9.52,-84.32,71.6,88,75,4.7,CR,1598746263
grindavik,63.84,-22.43,51.8,100,90,14.99,IS,1598746384
saldanha,-33.01,17.94,39.2,80,14,1.12,ZA,1598746385
plavinas,56.62,25.73,59.9,96,97,6.64,LV,1598746385
padang,-0.95,100.35,77.43,77,84,4.92,ID,1598746385
paamiut,61.99,-49.67,46.11,79,63,9.31,GL,1598746385
gat,31.61,34.76,82,16,0,1.16,IL,1598746385
benin,9.5,2.25,70.59,96,70,3.02,BJ,1598746386
hasaki,35.73,140.83,87.8,70,20,4.7,JP,1598746386
whitianga,-36.83,175.7,64.99,75,10,8.01,NZ,1598746110
omagari,39.45,140.48,80.6,88,40,5.82,JP,1598746386
cartagena,10.4,-75.51,78.8,88,75,2.24,CO,1598746387
fairbanks,64.84,-147.72,64.99,63,1,5.82,US,1598746232
lazaro cardenas,19.46,-71.33,82.99,77,28,1.99,DO,1598746387
yerbogachen,61.28,108.01,55.99,76,26,4.83,RU,1598746325
longyearbyen,78.22,15.64,39.2,69,40,13.87,SJ,1598746323
kalawit,8.07,122.52,81.32,80,100,5.68,PH,1598746388
kudahuvadhoo,2.67,72.89,83.07,66,92,3.22,MV,1598746388
kanniyakumari,8.08,77.57,78.93,84,45,16.55,IN,1598746388
jalu,29.03,21.55,80.74,40,0,7.72,LY,1598746388
havoysund,71,24.66,42.8,93,58,11.41,NO,1598746389
olafsvik,64.89,-23.71,52.29,90,100,13.22,IS,1598746389
ketchikan,55.34,-131.65,57.2,82,75,6.93,US,1598746389
maua,-23.67,-46.46,75.2,50,0,3.36,BR,1598746389
ribeira grande,42.75,-8.44,55.99,87,40,6.93,ES,1598746389
bilsi,28.13,78.92,78.04,86,3,13,IN,1598746390
misratah,32.38,15.09,79.72,76,0,14.83,LY,1598746390
koulikoro,14,-7.75,75.27,89,71,9.98,ML,1598746390
kaitangata,-46.28,169.85,57.47,57,26,18.23,NZ,1598746390
arlit,18.74,7.39,89.51,45,46,11.83,NE,1598746391
adre,13.47,22.2,71.91,86,77,4.07,TD,1598746391
skibbereen,51.55,-9.27,50,76,40,9.17,IE,1598746391
iaciara,-14.1,-46.63,76.23,33,2,5.59,BR,1598746391
saint-louis,16.33,-15,84.2,74,9,4.7,SN,1598746391
saint-georges,12.06,-61.75,82.4,74,40,4.7,GD,1598746336
horn,51.87,8.95,55,75,51,2.64,DE,1598746392
birao,10.28,22.79,70.38,95,90,5.03,CF,1598746392
san quintin,13.3,-4.9,76.57,87,100,4.65,ML,1598746179
thinadhoo,0.53,72.93,82.92,71,88,9.04,MV,1598746392
kavaratti,10.57,72.64,81.64,78,99,14.34,IN,1598746393
majene,-3.54,118.97,80.92,68,42,10.67,ID,1598746393
san cristobal,13.3,-4.9,76.57,87,100,4.65,ML,1598746393
nizhniy tsasuchey,45.39,39.24,70,67,0,6.71,RU,1598746393
pouembout,-21.13,164.9,75.79,47,57,13.24,NC,1598746394
turayf,31.67,38.66,80.6,22,0,9.17,SA,1598746394
sao caitano,20.51,76.21,69.42,96,100,9.28,IN,1598746394
atar,20.52,-13.05,93.81,14,2,8.63,MR,1598746394
portovelo,-3.72,-79.62,71.65,66,60,1.83,EC,1598746395
mareeba,-17,145.43,72,76,85,7,AU,1598746395
pauini,-7.71,-66.98,78.4,74,69,3.31,BR,1598746395
shenkursk,62.11,42.9,51.46,94,78,7.31,RU,1598746395
coquimbo,-29.95,-71.34,55.4,76,90,11.41,CL,1598746395
pangnirtung,66.15,-65.71,51.49,46,41,1.36,CA,1598746396
porto walter,41.15,-8.61,62.01,76,0,5.82,PT,1598746138
assiniboia,49.63,-105.98,86.36,15,0,13.27,CA,1598746396
camapua,-19.53,-54.04,80.47,16,0,3.8,BR,1598746397
luderitz,-26.65,15.16,51.35,66,0,15.84,NA,1598746397
constitucion,-35.33,-72.42,47.59,62,2,11.41,CL,1598746397
port lincoln,-7.03,29.76,75.07,52,0,5.61,CD,1598746163
banjar,-8.19,114.97,78.8,88,75,11.41,ID,1598746397
erdaojiang,41.78,126.03,73.15,76,2,0.36,CN,1598746398
stornoway,58.21,-6.39,50,93,95,4.7,GB,1598746398
bereda,43.27,-7.54,52,90,22,1.28,ES,1598746398
valparaiso,-33.04,-71.63,60.8,77,0,2.24,CL,1598746321
praia da vitoria,14.92,-23.51,78.8,94,20,2.24,CV,1598746398
juli,-16.22,-69.45,45.7,73,22,8.1,PE,1598746399
rawson,-43.3,-65.1,45.19,54,0,12.46,AR,1598746248
haibara,34.53,135.95,88,79,75,2.24,JP,1598746399
port elizabeth,-7.03,29.76,75.07,52,0,5.61,CD,1598746163
crotone,39.09,17.12,77.34,78,0,13.13,IT,1598746399
sotouboua,8.57,0.98,70.11,95,88,2.62,TG,1598746208
kahului,20.89,-156.47,89.6,46,40,31.09,US,1598746400
salinas,36.68,-121.66,68,72,90,16.11,US,1598746120
maksatikha,57.8,35.88,53.64,92,83,5.5,RU,1598746400
winnipeg,49.88,-97.15,75.2,36,20,5.82,CA,1598746328
bac lieu,45.39,19.24,68,82,1,8.05,RS,1598746401
vozrozhdeniye,44.55,38.21,66.15,45,1,7.23,RU,1598746401
katherine,-14.47,132.27,77,50,82,10.29,AU,1598746401
airai,-8.93,125.41,66.6,39,38,4,TL,1598746401
lisakovsk,52.54,62.49,66.22,66,91,5.84,KZ,1598746402
nouadhibou,20.93,-17.03,73.4,78,6,20.8,MR,1598746402
fallon,39.47,-118.78,93.99,9,40,8.05,US,1598746402
souillac,-20.52,57.52,69.8,77,40,16.11,MU,1598746402
sarila,25.77,79.68,78.67,86,26,9.44,IN,1598746403
vanino,49.09,140.25,60.91,67,96,7.38,RU,1598746403
touho,-20.78,165.23,70.75,62,86,12.24,NC,1598746403
marystown,47.17,-55.15,57,100,70,13.27,CA,1598746403
yenagoa,4.92,6.26,74.28,91,100,2.15,NG,1598746404
cherskiy,68.75,161.3,44.19,79,100,2.84,RU,1598746404
tuatapere,-46.13,167.68,57.09,62,91,14.67,NZ,1598746404
wilmslow,53.33,-2.23,48.2,76,17,6.93,GB,1598746404
nara,34.69,135.8,88,79,75,2.24,JP,1598746405
sorland,67.67,12.69,49.84,67,100,11.99,NO,1598746405
qaanaaq,77.48,-69.36,32.61,86,0,4.43,GL,1598746405
palani,10.47,77.53,77,68,99,3.8,IN,1598746146
nome,64.5,-165.41,57.2,82,90,10.29,US,1598746406
nadym,65.53,72.52,41.9,86,100,6.58,RU,1598746406
santa luzia,17.49,120.43,80.64,79,97,5.55,PH,1598746405
ngunguru,-35.62,174.5,61.75,61,0,1.81,NZ,1598746406
russell,32.35,-85.2,86,79,20,5.82,US,1598746406
port hardy,-7.03,29.76,75.07,52,0,5.61,CD,1598746407
koundara,12.48,-13.3,73.06,95,87,6.31,GN,1598746407
itoman,26.12,127.67,84.2,83,20,11.41,JP,1598746407
butaritari,3.07,172.79,83.55,70,48,10.56,KI,1598746407
dhidhdhoo,6.88,73.1,83.03,70,89,7.92,MV,1598746408
valencia,39.33,-0.83,68,68,0,4.7,ES,1598746405
maracaibo,10.63,-71.64,83.43,73,11,12.37,VE,1598746405
meulaboh,4.14,96.13,76.06,91,100,5.14,ID,1598746408
lapua,62.97,23.01,48.99,94,43,3.87,FI,1598746408
bozoum,6.32,16.38,66.9,93,100,0.63,CF,1598746409
aksu,41.12,80.26,66.13,42,2,2.75,CN,1598746409
bafra,41.57,35.91,66.2,93,75,1.12,TR,1598746409
haines junction,59.23,-135.44,59,72,90,6.93,US,1598746405
krasnogorsk,55.82,37.32,59,82,94,4.47,RU,1598746123
moses lake,6.69,-8.48,70.25,98,100,3.02,CI,1598746410
richards bay,46.84,-95.91,69.8,43,0,0.69,US,1598746410
tres picos,46.32,11.1,62.01,100,90,13.87,IT,1598746402
port hedland,-7.03,29.76,75.07,52,0,5.61,CD,1598746163
vikulovo,56.82,70.61,61.93,92,72,5.17,RU,1598746410
zmeinogorsk,51.16,82.19,50.85,81,0,4.09,RU,1598746411
aguililla,18.73,-102.73,72.43,90,70,5.41,MX,1598746411
raudeberg,61.99,5.14,51.8,71,80,16.11,NO,1598746411
emerald,-23.53,148.17,68,56,40,13.87,AU,1598746186
moose factory,43.66,-110.72,80.6,19,1,12.75,US,1598746411
torbay,47.67,-52.73,59,76,75,14.99,CA,1598746412
provideniya,64.38,-173.3,52.47,65,59,9.89,RU,1598746328
baykit,61.67,96.37,51.94,83,35,1.52,RU,1598746412
maricao,18.18,-66.98,82,84,24,1.01,PR,1598746412
dunedin,-45.87,170.5,53.01,74,35,8.01,NZ,1598746412
aripuana,-9.17,-60.63,84.34,49,80,2.08,BR,1598746413
bograd,54.23,90.83,50,100,46,2.24,RU,1598746413
kapit,2.02,112.93,74.61,94,99,1.05,MY,1598746150
santander,43.46,-3.8,63,87,75,9.17,ES,1598746413
pacific grove,38.48,-90.74,75.99,83,96,4.45,US,1598746414
kuito,-12.38,16.93,64.96,64,99,1.83,AO,1598746414
grand river south east,38.88,-109.5,91.4,15,1,17.22,US,1598746414
staraya toropa,59.93,30.62,55,97,100,4.92,RU,1598746414
kushima,31.46,131.23,82.4,78,75,6.93,JP,1598746415
novoagansk,61.94,76.66,53.35,91,38,1.68,RU,1598746415
jieshi,22.81,115.83,82.49,78,92,9.35,CN,1598746415
hay river,52.07,-3.13,54,79,39,5.08,GB,1598746415
port hawkesbury,-7.03,29.76,75.07,52,0,5.61,CD,1598746415
hervey bay,33.5,-93.78,91.4,66,1,8.05,US,1598746416
imeni poliny osipenko,7.32,5.96,69.91,98,98,3.47,NG,1598746416
bengkulu,-3.8,102.27,75.97,82,80,4.7,ID,1598746416
bilma,18.69,12.92,86.32,46,68,11.59,NE,1598746416
clyde river,41.3,-82.98,75.99,56,54,1.99,US,1598746135
pavlogradka,54.2,73.56,61.83,79,0,2.55,RU,1598746417
karla,59.37,24.93,54,93,90,11.41,EE,1598746417
wyndham,37.7,-77.61,84,77,35,5.32,US,1598746417
voznesenye,61.01,35.48,49.78,87,73,2.37,RU,1598746418
mae sai,34.82,108.93,69.8,83,75,6.71,CN,1598746418
purranque,-40.92,-73.17,42.8,87,75,0.94,CL,1598746418
nanortalik,60.14,-45.24,50.04,72,100,10.74,GL,1598746418
limbazi,57.51,24.72,59,96,94,3,LV,1598746418
maple creek,43.85,-79.52,69.01,65,49,10.8,CA,1598746144
arman,59.7,150.17,55.78,49,0,8.5,RU,1598746419
antofagasta,-23.65,-70.4,57.2,76,90,10.29,CL,1598746298
ostrovnoy,68.05,39.51,47.5,93,100,3.58,RU,1598746419
hamilton,39.18,-84.53,82,54,75,12.75,US,1598746206
alyangula,-13.85,136.42,80.6,51,92,6.93,AU,1598746420
bambous virieux,-20.26,57.41,70,77,40,16.11,MU,1598746420
agdam,39.99,46.93,70.02,57,0,3.02,AZ,1598746420
redlands,34.06,-117.18,95,26,0,3,US,1598746121
christchurch,-43.53,172.63,69.8,30,11,17.22,NZ,1598746421
santa fe,17.49,120.43,80.64,79,97,5.55,PH,1598746405
sayansk,54.11,102.16,53.15,96,100,5.68,RU,1598746421
pisco,-13.7,-76.22,61,87,90,17.22,PE,1598746421
lakes entrance,61.61,-149.31,64.4,42,1,18.34,US,1598746421
netarhat,23.48,84.27,65.44,100,12,4.16,IN,1598746422
gizo,-8.1,156.84,83.7,77,20,9.91,SB,1598746422
bantry,51.68,-9.45,50,76,40,9.17,IE,1598746422
nantucket,41.28,-70.1,72,94,90,17.22,US,1598746369
odweyne,9.41,45.06,77.58,49,81,12.97,SO,1598746423
sete,43.4,3.7,68,64,70,8.05,FR,1598746423
vostok,46.49,135.88,48.76,97,100,4.41,RU,1598746423
kodinsk,58.69,99.18,54.09,83,0,2.21,RU,1598746424
zambezi,-13.54,23.1,71.69,51,45,4.12,ZM,1598746424
weihe,33,105.32,61.88,89,100,5.14,CN,1598746424
north augusta,50.33,3.67,55.99,93,42,5.82,FR,1598746166
zhuhai,22.28,113.57,88,79,20,5.82,CN,1598746425
esil,51.96,66.4,66.85,54,42,6.31,KZ,1598746425
samarai,-10.62,150.67,79.12,86,20,18.03,PG,1598746425
mar del plata,43.4,-4.01,63,87,75,9.17,ES,1598746425
aguimes,27.91,-15.45,73.99,69,40,20.8,ES,1598746425
jawhar,2.78,45.5,74.97,86,7,7.74,SO,1598746426
gumla,23.05,84.55,71.35,93,3,4.34,IN,1598746426
sakakah,29.97,40.21,84.2,13,0,9.17,SA,1598746426
adrar,20.5,-10.07,95.68,10,49,18.77,MR,1598746427
iqaluit,63.75,-68.51,55.4,58,75,9.17,CA,1598746427
norman wells,35.22,-97.44,86,62,1,14.99,US,1598746427
sao filipe,20.51,76.21,69.42,96,100,9.28,IN,1598746394
san juan,13.3,-4.9,76.57,87,100,4.65,ML,1598746411
opuwo,-18.06,13.84,47.01,52,0,2.26,NA,1598746428
mezhdurechensk,53.69,88.06,50.02,92,46,2.39,RU,1598746428
craig,40.52,-107.55,60.8,82,75,11.41,US,1598746428
eureka,40.8,-124.16,68,49,5,3,US,1598746373
havre-saint-pierre,50.23,-63.6,48.2,81,75,6.93,CA,1598746428
mitsamiouli,-11.38,43.28,75.29,71,0,10.51,KM,1598746429
carauari,-4.88,-66.9,81.97,63,68,1.81,BR,1598746146
berezovyy,51.67,135.7,60.39,53,100,2.26,RU,1598746429
bowling green,55.93,-4.49,53.6,58,95,3.36,GB,1598746429
kerema,-7.96,145.78,82.45,72,19,4.41,PG,1598746429
kimbe,-5.55,150.14,87.44,60,9,8.39,PG,1598746430
warwick,41.7,-71.42,73.99,99,90,9.57,US,1598746430
srednekolymsk,67.45,153.68,48.07,63,30,3.96,RU,1598746430
margate,51.38,1.39,61,90,98,8.01,GB,1598746431
lanxi,29.22,119.48,81.14,83,62,2.39,CN,1598746431
mogadishu,2.04,45.34,77.27,85,3,12.84,SO,1598746431
altamira,-3.2,-52.21,81.14,60,61,2.59,BR,1598746432
yaan,7.38,8.57,71.69,95,100,4.59,NG,1598746432
baculin,7.45,126.58,84.61,64,100,4.23,PH,1598746432
lucapa,-8.42,20.74,71.67,70,46,3.38,AO,1598746432
pangai,-19.8,-174.35,76.96,76,52,19.3,TO,1598746433
aklavik,68.22,-135.01,57.2,54,20,3.36,CA,1598746433
labog,9.06,118.05,82.4,75,100,1.72,PH,1598746433
inta,66.03,60.17,47.8,86,10,13.47,RU,1598746434
carballo,43.21,-8.69,59,82,20,3.36,ES,1598746434
acarau,-2.89,-40.12,78.87,72,6,20.6,BR,1598746434
khao yoi,12.36,102.44,87.01,62,33,3.94,TH,1598746434
puerto madryn,36.59,-6.23,68,45,8,4.7,ES,1598746435
vila velha,42.03,-8.16,61,76,4,8.05,PT,1598746287
isangel,-19.55,169.27,73.4,88,75,11.41,VU,1598746435
pafos,34.77,32.42,71.6,73,0,9.17,CY,1598746435
ust-uda,54.17,103.03,56.25,86,100,4.54,RU,1598746436
tanda,26.55,82.65,78.19,83,17,5.48,IN,1598746436
brae,60.4,-1.35,48.2,81,100,5.82,GB,1598746436
ramygala,55.52,24.3,59,87,67,4.7,LT,1598746436
nuuk,64.18,-51.72,50,87,20,6.93,GL,1598746437
carutapera,-1.2,-46.02,77.92,83,25,8.43,BR,1598746437
basco,20.45,121.97,83.37,80,99,9.26,PH,1598746437
ust-ilimsk,58,102.66,55.9,78,86,1.99,RU,1598746437
union city,40.63,-74.27,80.6,74,40,3.36,US,1598746437
sabha,27.04,14.43,86.31,22,0,10.98,LY,1598746438
cooma,-36.23,149.13,55.4,32,0,13.87,AU,1598746438
tura,25.52,90.22,73.71,95,84,3.98,IN,1598746438
sokolo,14.73,-6.12,79.45,79,100,6.85,ML,1598746438
lensk,60.73,114.93,57.96,85,82,5.19,RU,1598746439
vytegra,61.01,36.45,49.1,91,94,2.82,RU,1598746297
grants,35.15,-107.85,82.74,21,46,15.66,US,1598746439
teahupoo,-17.83,-149.27,82.4,61,20,5.82,PF,1598746439
kasangulu,-4.59,15.17,77,69,40,4.7,CD,1598746440
biskupiec,53.86,20.96,57.2,100,66,4.97,PL,1598746440
tual,-5.67,132.75,79.41,84,62,20,ID,1598746440
pervomayskiy,53.25,40.29,54.34,84,53,4.43,RU,1598746440
omsukchan,62.53,155.8,44.6,76,100,6.78,RU,1598746441
surin,14.88,103.49,77,94,20,5.82,TH,1598746441
kunashak,55.7,61.55,75.2,78,40,11.18,RU,1598746441
san patricio,13.3,-4.9,76.57,87,100,4.65,ML,1598746179
santa eulalia del rio,17.49,120.43,80.64,79,97,5.55,PH,1598746405
altay,47.87,88.12,52.86,56,0,3.2,CN,1598746441
bafata,12.17,-14.75,73.69,97,95,3.6,GW,1598746442
lixourion,38.2,20.43,75.34,73,0,0.94,GR,1598746442
mga,59.75,31.07,54,99,100,5.17,RU,1598746442
shar,49.59,81.05,55.33,72,0,6.51,KZ,1598746442
creel,27.75,-107.63,58.19,94,99,4.45,MX,1598746443
mount pleasant,53.66,-1.85,48,87,12,1.99,GB,1598746443
paris,48.85,2.35,57.99,87,90,6.93,FR,1598746443
camacha,33.08,-16.33,71.6,56,40,12.75,PT,1598746444
tome,-36.62,-72.95,48.2,70,0,9.17,CL,1598746444
dutse,11.76,9.34,71.26,95,98,0.6,NG,1598746444
rosetta,31.4,30.42,80.6,78,40,4.7,EG,1598746444
honavar,14.28,74.45,76.66,86,100,4.45,IN,1598746445
calvinia,-31.47,19.78,33.71,92,40,3.4,ZA,1598746445
hailar,49.2,119.7,55.67,91,100,3.24,CN,1598746445
mudgee,-32.59,149.59,55.99,87,0,3.36,AU,1598746445
mildura,-34.2,142.15,66,36,20,12.75,AU,1598746445
gamba,-2.65,10,73.24,88,100,7.31,GA,1598746446
hobyo,5.35,48.53,77.04,85,51,22.88,SO,1598746446
hariana,31.64,75.84,79.2,74,0,3.49,IN,1598746446
beterou,9.2,2.26,71.19,96,29,2.98,BJ,1598746446
barranca,-10.75,-77.77,60.15,88,22,8.97,PE,1598746447
mopipi,-21.18,24.88,64.54,26,46,13.82,BW,1598746447
qaqortoq,60.72,-46.03,59,33,84,27.51,GL,1598746447
tessalit,20.2,1.01,82.17,61,33,14.36,ML,1598746447
okha,53.57,142.95,56.68,62,0,7.31,RU,1598746448
dangriga,16.97,-88.23,89.6,70,40,8.05,BZ,1598746448
surazh,53.02,32.39,60.33,70,18,11.68,RU,1598746448
mlowo,-9,32.98,56.07,57,0,0.27,TZ,1598746448
cabatuan,10.88,122.49,81.5,80,100,6.49,PH,1598746449
novo aripuana,22.78,-82.23,78.8,83,40,3.36,CU,1598746449
okahandja,-21.98,16.92,50,21,0,3.36,NA,1598746449
norfolk,42.17,-71.25,75,88,85,13.87,US,1598746449
badvel,14.75,79.05,79.9,75,100,5.88,IN,1598746450
naze,28.37,129.48,84.2,89,40,9.17,JP,1598746450
litovko,49.24,135.17,55.27,78,100,10.16,RU,1598746327
andenes,69.31,16.12,44.6,93,100,8.05,NO,1598746451
yeppoon,-23.13,150.73,68,60,90,8.05,AU,1598746451
khandyga,62.67,135.6,56.71,42,100,5.35,RU,1598746451
mucuri,-18.09,-39.55,73.24,88,2,7.36,BR,1598746451
blyth,55.13,-1.51,48.99,81,20,5.82,GB,1598746451
yuli,9.7,10.27,73.47,86,99,2.98,NG,1598746452
kirakira,-10.45,161.92,85.51,72,81,12.19,SB,1598746452
nenjiang,49.18,125.22,54.55,92,100,7.99,CN,1598746452
leshukonskoye,64.9,45.76,49.08,81,100,6.42,RU,1598746452
ust-ishim,57.69,71.17,55.11,91,62,5.37,RU,1598746453
caucaia,-3.74,-38.65,80.6,78,20,18.34,BR,1598746453
bose,45.46,8.01,64.99,98,93,3.09,IT,1598746453
ternate,0.8,127.4,81.16,77,96,5.39,ID,1598746453
ust-tsilma,65.44,52.15,47.75,89,37,6.4,RU,1598746453
teguldet,57.31,88.17,57.34,97,100,6.35,RU,1598746454
caranavi,-15.82,-67.55,69.3,63,25,2.3,BO,1598746454
ponta delgada,38.73,-28.27,70.9,100,100,8.23,PT,1598746454
mobaye,4.32,21.18,70.21,94,100,0.89,CF,1598746455
artyshta,54.12,86.29,53.13,90,73,5.95,RU,1598746455
seka,17.93,103.96,78.06,90,90,2.57,TH,1598746455
flinders,-34.58,150.86,66.99,66,0,5.99,AU,1598746455
rybinsk,58.04,38.84,51.53,95,94,5.1,RU,1598746455
wilmington,34.23,-77.94,82.99,83,90,8.05,US,1598746236
nautla,20.22,-96.78,83.86,76,99,10.25,MX,1598746456
ankang,32.68,109.02,74.41,79,58,2.95,CN,1598746456
lukulu,-14.37,23.24,71.01,51,28,2.95,ZM,1598746456
vicuna,-30.03,-70.71,55.4,76,94,11.41,CL,1598746457
drummondville,45.88,-72.48,59,97,100,6.85,CA,1598746457
chicla,-11.71,-76.27,49.08,56,78,2.35,PE,1598746457
inhambane,-23.86,35.38,74.25,81,0,16.46,MZ,1598746457
neuquen,-38.95,-68.06,46.4,33,0,4.7,AR,1598746457
marsaxlokk,35.84,14.54,80.6,83,40,9.17,MT,1598746458
tancanhuitz,21.6,-98.97,84.09,77,100,4.18,MX,1598746458
port-gentil,-0.72,8.78,77,83,90,14.52,GA,1598746458
alihe,50.57,123.72,52.25,89,96,4.25,CN,1598746458
raga,8.46,25.68,69.35,95,70,4.74,SS,1598746459
vieques,18.43,-65.83,84.2,74,40,10.29,PR,1598746308
tiebissou,7.16,-5.23,73.4,100,75,9.17,CI,1598746459
beloha,-25.17,45.05,72.82,59,49,4.83,MG,1598746459
namibe,-15.2,12.15,60.44,70,0,2.59,AO,1598746460
dudinka,69.41,86.18,44.6,100,90,4.47,RU,1598746446
tingo maria,-0.9,-79.05,51.8,76,40,8.05,EC,1598746320
neyshabur,36.21,58.8,59,34,0,1.45,IR,1598746460
tonj,7.27,28.68,71.31,92,100,2.37,SS,1598746461
lorengau,-2.02,147.27,84.7,70,83,11.65,PG,1598746461
narsaq,60.92,-46.05,59,33,66,27.51,GL,1598746461
laje,-10.18,-40.97,70.21,70,2,6.04,BR,1598746461
merrill,45.18,-89.68,69.8,59,1,9.17,US,1598746462
ballina,-28.87,153.57,66.99,82,90,4.7,AU,1598746462
qostanay,53.17,63.58,57.2,76,97,2.24,KZ,1598746462
kurilsk,45.23,147.88,53.51,74,100,6.69,RU,1598746462
neiafu,-18.65,-173.98,80.6,74,20,18.34,TO,1598746463
ust-omchug,61.15,149.63,45.52,56,0,5.97,RU,1598746463
iquique,-20.22,-70.14,59,72,90,12.75,CL,1598746463
chunskiy,56.08,99.63,54.73,90,99,2.82,RU,1598746463
santa cecilia,17.49,120.43,80.64,79,97,5.55,PH,1598746464
san jose de rio tinto,13.3,-4.9,76.57,87,100,4.65,ML,1598746179
syasstroy,60.14,32.57,53.1,93,99,7,RU,1598746464
toma,12.77,-2.88,75.15,89,100,8.28,BF,1598746464
dongsheng,39.82,109.98,55.29,87,100,19.13,CN,1598746465
bandarbeyla,9.49,50.81,77.94,73,94,23.17,SO,1598746465
paso de carrasco,-14.43,-67.52,80.65,45,0,2.33,BO,1598746465
necochea,-38.55,-58.74,44.01,60,1,5.99,AR,1598746465
oussouye,12.48,-16.55,78.8,94,40,4.7,SN,1598746465
miraflores,19.22,-98.81,73.4,43,40,6.93,MX,1598746466
richard toll,52.7,-107.67,59,62,1,17.22,CA,1598746466
giyon,8.53,37.98,55.26,88,57,1.32,ET,1598746466
sayyan,15.17,44.32,61.57,59,14,0.34,YE,1598746466
deputatskiy,69.3,139.9,37.83,88,99,4.12,RU,1598746467
filandia,4.67,-75.66,64.4,100,75,2.24,CO,1598746467
desaguadero,-16.57,-69.04,46.92,63,78,5.44,PE,1598746467
batamshinskiy,50.56,58.27,59,44,100,6.71,KZ,1598746467
mananjary,-21.22,48.33,66.9,89,13,3.15,MG,1598746467
salair,54.23,85.8,53.53,86,81,7.14,RU,1598746468
lac-megantic,45.58,-70.88,57,100,100,5.99,CA,1598746468
calama,-22.47,-68.93,62.6,14,7,16.11,CL,1598746452
axim,4.87,-2.24,73.67,90,25,8.08,GH,1598746468
iralaya,15,-83.23,87.8,74,40,11.41,HN,1598746469
hami,42.8,93.45,67.03,30,25,6.29,CN,1598746469
medea,36.26,2.75,78.8,54,40,11.41,DZ,1598746469
horsham,51.06,-0.33,54,87,75,13.87,GB,1598746469
khasan,42.43,130.64,65.71,90,100,11.7,RU,1598746469
sembe,1.65,14.58,70.74,93,100,2.89,CG,1598746470
port blair,-7.03,29.76,75.07,52,0,5.61,CD,1598746470
tucurui,-3.77,-49.67,80.56,57,61,1.54,BR,1598746470
sivas,39.79,37,55.4,47,0,3.36,TR,1598746354
san policarpo,13.3,-4.9,76.57,87,100,4.65,ML,1598746393
bull savanna,6.2,-10.28,74.12,92,100,6.62,LR,1598746471
whitecourt,54.15,-115.69,62.6,29,40,21.92,CA,1598746418
jinchang,38.5,102.17,57.24,65,100,5.61,CN,1598746471
kloulklubed,7.04,134.26,82.4,78,75,11.41,PW,1598746471
saint-augustin,51.23,-58.65,56.82,61,66,8.14,CA,1598746472
eydhafushi,5.1,73.07,82.89,66,100,4.94,MV,1598746472
kastornoye,51.83,38.13,58.33,82,18,6.67,RU,1598746472
kitsuki,33.42,131.62,80.6,88,75,2.24,JP,1598746472
labrea,-7.26,-64.8,85.78,51,98,2.82,BR,1598746472
koksovyy,48.2,40.6,64.24,59,50,2.15,RU,1598746473
freeport,40.66,-73.58,75.99,88,1,6.93,US,1598746308
victor harbor,42.98,-77.41,71.01,75,58,1.01,US,1598746473
brownsville,25.9,-97.5,93.2,56,1,14.99,US,1598746355
itarema,-2.92,-39.92,78.73,72,8,19.15,BR,1598746474
sawtell,-30.38,153.1,68,52,90,6.93,AU,1598746474
bosaso,11.28,49.18,91.31,45,81,14.32,SO,1598746474
seoni malwa,22.08,79.53,70.97,97,89,9.86,IN,1598746474
olinda,-8.01,-34.86,78.8,78,40,12.75,BR,1598746474
agadez,19.75,10.25,90.25,37,15,4.94,NE,1598746475
maceio,-9.67,-35.74,73.4,88,40,5.82,BR,1598746475
sanandaj,35.31,46.99,75.2,23,0,4.7,IR,1598746475
ossora,59.24,163.07,56.77,58,63,9.91,RU,1598746475
sao jose da coroa grande,20.51,76.21,69.42,96,100,9.28,IN,1598746476
namatanai,-3.67,152.43,84.87,67,23,7.49,PG,1598746476
lakewood,39.7,-105.08,75,43,78,3,US,1598746476
boa vista,4.43,8.97,73.67,88,96,1.1,CM,1598746476
jiaxing,30.75,120.75,86,82,16,4.99,CN,1598746476
grootfontein,-19.57,18.12,54.41,30,11,15.43,NA,1598746477
berlevag,70.86,29.09,49.86,74,96,10.29,NO,1598746477
alenquer,-1.94,-54.74,77,94,20,3.11,BR,1598746477
kutna hora,45.87,14.92,66,86,25,1.01,SI,1598746477
siavonga,-16.54,28.71,73.98,39,0,5.1,ZM,1598746282
bar harbor,49.08,27.68,65.84,53,0,12.08,UA,1598746478
vidalia,32.22,-82.41,84.2,66,40,12.75,US,1598746478
liepaja,56.54,21.04,64.4,82,60,16.11,LV,1598746478
kendari,-3.94,122.5,77.45,81,72,2.1,ID,1598746479
gazanjyk,39.24,55.52,73.99,37,9,4.79,TM,1598746479
gari,59.43,62.35,58.1,95,78,5.75,RU,1598746479
